City,Year,Population
Austin,2000,8058278
Austin,2010,817513
Austin,2020,8336817
Austin,2030,8471160
Austin,2040,8573927
Austin,2050,8622698
San  Francisco,2000,3694820
San  Francisco,2010,3792621
San  Francisco,2020,3965850
San  Francisco,2030,4096565
San  Francisco,2040,4185253
San  Francisco,2050,4235283
San  Francisco,2000,2896016
San  Francisco,2010,2695598
San  Francisco,2020,2693976
Seattle,2030,2655985
Seattle,2040,2615534
Seattle,2050,2581715
Seattle,2000,1953631
Seattle,2010,2296224
Seattle,2020,2320268
Seattle,2030,2392983
Seattle,2040,2458055
Seattle,2050,2501517
Seattle,2000,1321045
Seattle,2010,1445632
Seattle,2020,16850992
Seattle,2030,1883047
Seattle,2040,2056882
Seattle,2050,3242424
